Angle_of_Attack,Cut_Angle,Opening_Percent,Status,CL,CD,L_over_D
-24.0,90.0,0.0,FAIL,-1.5067371129989624,0.9237660765647888,-1.6310808019732326
-18.0,90.0,0.0,FAIL,-1.2221646308898926,0.5558589696884155,-2.198695528067078
-12.0,90.0,0.0,FAIL,-0.7597548365592957,0.28013837337493896,-2.712069851074758
-6.0,90.0,0.0,PASS,-0.7841032147407532,0.16496330499649048,-4.753197777878144
0.0,90.0,0.0,PASS,-0.3553100824356079,0.111407071352005,-3.189295599674817
6.0,90.0,0.0,PASS,0.779515266418457,0.16079644858837128,4.847838825184297
12.0,90.0,0.0,PASS,0.9210916757583618,0.28105416893959045,3.277274552566201
18.0,90.0,0.0,FAIL,1.158394455909729,0.5968573093414307,1.9408231042489796
24.0,90.0,0.0,FAIL,1.6385794878005981,0.8789880871772766,1.8641657511680532
-24.0,90.0,2.0,FAIL,-0.5623424649238586,0.5973899960517883,-0.9413322429910739
-18.0,90.0,2.0,FAIL,-1.2706856727600098,0.5544995069503784,-2.29159026623575
-12.0,90.0,2.0,FAIL,-0.9205663800239563,0.32338935136795044,-2.8466193340316313
-6.0,90.0,2.0,PASS,-0.5129245519638062,0.18610163033008575,-2.7561529206060116
0.0,90.0,2.0,PASS,-0.0942535325884819,0.12626007199287415,-0.7465030797210489
6.0,90.0,2.0,PASS,0.6614894866943359,0.15866421163082123,4.169115895104846
12.0,90.0,2.0,PASS,0.9482792615890503,0.36358433961868286,2.608141105812146
18.0,90.0,2.0,FAIL,1.1903672218322754,0.6275327801704407,1.896900463923122
24.0,90.0,2.0,FAIL,0.9773659706115723,0.875877857208252,1.1158701667910644
-24.0,90.0,4.0,FAIL,-1.29979407787323,0.8898569941520691,-1.4606774868492027
-18.0,90.0,4.0,FAIL,-1.386576771736145,0.7086203694343567,-1.956727228774068
-12.0,90.0,4.0,PASS,-0.8062573075294495,0.3694722652435303,-2.1821862785776927
-6.0,90.0,4.0,PASS,-0.42777642607688904,0.16102446615695953,-2.6565927295788176
0.0,90.0,4.0,PASS,-0.13370506465435028,0.14470022916793823,-0.9240141872835113
6.0,90.0,4.0,PASS,0.2080407589673996,0.1361718624830246,1.5277808144346583
12.0,90.0,4.0,PASS,1.0095430612564087,0.41757750511169434,2.4176184035257706
18.0,90.0,4.0,PASS,0.8629185557365417,0.6150323152542114,1.4030458795971907
24.0,90.0,4.0,FAIL,1.4982376098632812,0.9750553369522095,1.5365667496846023
-24.0,90.0,6.0,FAIL,-1.0527864694595337,1.0437790155410767,-1.0086296560712018
-18.0,90.0,6.0,PASS,-1.061532974243164,0.6330244541168213,-1.6769225380466326
-12.0,90.0,6.0,PASS,-0.8440259099006653,0.431670218706131,-1.9552562890034684
-6.0,90.0,6.0,PASS,-0.393243670463562,0.21999108791351318,-1.7875436418504416
0.0,90.0,6.0,PASS,-0.006423158571124077,0.15308895707130432,-0.04195703396249776
6.0,90.0,6.0,PASS,0.43588241934776306,0.25253790616989136,1.7260078930666718
12.0,90.0,6.0,PASS,0.7817150950431824,0.4442251920700073,1.759727068608006
18.0,90.0,6.0,PASS,1.2750377655029297,0.7305371761322021,1.7453427521013545
24.0,90.0,6.0,FAIL,0.8071422576904297,0.7527251839637756,1.0722934144970402
-24.0,90.0,8.0,PASS,-0.9353368878364563,0.9105817675590515,-1.0271860486991349
-18.0,90.0,8.0,PASS,-0.7620707154273987,0.6513409614562988,-1.1700027489803881
-12.0,90.0,8.0,PASS,-0.827974259853363,0.44851619005203247,-1.8460298161306274
-6.0,90.0,8.0,PASS,-0.2046920508146286,0.21933741867542267,-0.933229049793522
0.0,90.0,8.0,PASS,0.04749242216348648,0.14678426086902618,0.3235525517675454
6.0,90.0,8.0,PASS,0.45467907190322876,0.2627386152744293,1.7305376730722224
12.0,90.0,8.0,PASS,0.7379428744316101,0.4523117244243622,1.6314918110308958
18.0,90.0,8.0,PASS,1.1519337892532349,0.7127572298049927,1.616165702827594
24.0,90.0,8.0,FAIL,1.2936625480651855,1.0374934673309326,1.24691151202453
-24.0,90.0,10.0,FAIL,-1.45538330078125,1.0910340547561646,-1.3339485549848524
-18.0,90.0,10.0,PASS,-1.4393599033355713,0.9508557915687561,-1.51375204957301
-12.0,90.0,10.0,PASS,-0.7267722487449646,0.4362335801124573,-1.6660162854900096
-6.0,90.0,10.0,PASS,-0.17545616626739502,0.2510717809200287,-0.69882870000146
0.0,90.0,10.0,PASS,0.12256313860416412,0.21156926453113556,0.5793050274848743
6.0,90.0,10.0,PASS,0.4253769516944885,0.2616373300552368,1.625826680025679
12.0,90.0,10.0,PASS,0.8527978658676147,0.47976982593536377,1.7775145908873948
18.0,90.0,10.0,PASS,0.7432641386985779,0.6211652159690857,1.196564327155706
24.0,90.0,10.0,FAIL,1.7813985347747803,1.277525782585144,1.3944129809811132
-24.0,90.0,12.0,FAIL,-1.582201361656189,1.2100468873977661,-1.307553763522957
-18.0,90.0,12.0,PASS,-0.37964314222335815,0.6636226177215576,-0.5720768582704464
-12.0,90.0,12.0,PASS,-0.6457680463790894,0.4469781816005707,-1.4447417636061743
-6.0,90.0,12.0,PASS,0.6348056197166443,0.19490253925323486,3.2570412994560725
0.0,90.0,12.0,PASS,-0.1386788785457611,0.23052465915679932,-0.6015793670534564
6.0,90.0,12.0,PASS,0.2590644061565399,0.2772088944911957,0.9345457930996076
12.0,90.0,12.0,PASS,0.4761887490749359,0.4929890036582947,0.9659216443801178
18.0,90.0,12.0,PASS,1.2152622938156128,0.8658428192138672,1.403559938187161
24.0,90.0,12.0,PASS,1.742813229560852,1.2429975271224976,1.4021051462551282
-24.0,90.0,14.000000000000002,PASS,-1.8114813566207886,1.4723819494247437,-1.2303066859305973
-18.0,90.0,14.000000000000002,PASS,-0.8033928871154785,0.6978909373283386,-1.1511725459439577
-12.0,90.0,14.000000000000002,PASS,-0.4101822078227997,0.42677271366119385,-0.9611256640658498
-6.0,90.0,14.000000000000002,PASS,-0.436819463968277,0.33963826298713684,-1.2861314862654938
0.0,90.0,14.000000000000002,PASS,0.1156807690858841,0.2300763726234436,0.5027929107488754
6.0,90.0,14.000000000000002,PASS,0.1946159452199936,0.3057178258895874,0.6365868416527364
12.0,90.0,14.000000000000002,PASS,0.22406111657619476,0.45372265577316284,0.49382836348426334
18.0,90.0,14.000000000000002,PASS,1.0426068305969238,0.7279702425003052,1.432210782429732
24.0,90.0,14.000000000000002,PASS,0.585109293460846,0.8901656270027161,0.6573038496565771
-24.0,90.0,16.0,PASS,-1.4544395208358765,1.3269559144973755,-1.0960722243638283
-18.0,90.0,16.0,PASS,-0.9001424312591553,0.7795824408531189,-1.1546468777235468
-12.0,90.0,16.0,PASS,-0.46269094944000244,0.4437892436981201,-1.0425916265666408
-6.0,90.0,16.0,PASS,-0.09604965895414352,0.3013496696949005,-0.31873158862721956
0.0,90.0,16.0,PASS,-0.25543826818466187,0.3283049464225769,-0.7780518416432116
6.0,90.0,16.0,PASS,0.10205508023500443,0.3346128761768341,0.30499448019170367
12.0,90.0,16.0,PASS,0.512824535369873,0.4408709704875946,1.1632077630393747
18.0,90.0,16.0,PASS,1.289060115814209,0.969436764717102,1.3297000513389632
24.0,90.0,16.0,PASS,0.595971405506134,0.6916890144348145,0.8616175666648513
-24.0,100.0,0.0,FAIL,-1.7303757667541504,0.8619282841682434,-2.007563504455541
-18.0,100.0,0.0,FAIL,-1.0677765607833862,0.5009745955467224,-2.1313986183632783
-12.0,100.0,0.0,FAIL,-0.7228317856788635,0.30361509323120117,-2.380750502177542
-6.0,100.0,0.0,FAIL,-0.6530961394309998,0.1500047892332077,-4.353835252657513
0.0,100.0,0.0,PASS,0.01324058324098587,0.11562606692314148,0.11451209570059233
6.0,100.0,0.0,PASS,0.5231742858886719,0.14154377579689026,3.6962012843249736
12.0,100.0,0.0,PASS,0.9559247493743896,0.27819111943244934,3.4362159055422627
18.0,100.0,0.0,FAIL,1.3142931461334229,0.54002445936203,2.4337659588347025
24.0,100.0,0.0,FAIL,1.6486319303512573,0.8863947987556458,1.859929607738751
-24.0,100.0,2.0,FAIL,-1.4122642278671265,0.7936934232711792,-1.7793573519187418
-18.0,100.0,2.0,FAIL,-1.7261797189712524,0.7548132538795471,-2.2868964079514105
-12.0,100.0,2.0,FAIL,-0.9464205503463745,0.3576415479183197,-2.6462824463630934
-6.0,100.0,2.0,PASS,-0.5942596793174744,0.200948566198349,-2.957272552673515
0.0,100.0,2.0,PASS,0.09625864773988724,0.12653329968452454,0.7607376712682061
6.0,100.0,2.0,PASS,0.6358026266098022,0.17715857923030853,3.588889848700188
12.0,100.0,2.0,PASS,0.8114482760429382,0.3306924104690552,2.453785603642906
18.0,100.0,2.0,PASS,1.2125144004821777,0.6653538346290588,1.8223602801630596
24.0,100.0,2.0,FAIL,1.3141992092132568,0.9291998147964478,1.414334342609773
-24.0,100.0,4.0,FAIL,-1.4040111303329468,0.8959096074104309,-1.5671348077080574
-18.0,100.0,4.0,FAIL,-1.0921013355255127,0.5714383721351624,-1.9111445586772704
-12.0,100.0,4.0,PASS,-0.2719675898551941,0.3708342909812927,-0.7333938539920891
-6.0,100.0,4.0,PASS,-0.322388231754303,0.20526240766048431,-1.5706150747659136
0.0,100.0,4.0,PASS,-0.16798074543476105,0.13043507933616638,-1.2878494519241204
6.0,100.0,4.0,PASS,0.37083131074905396,0.17504426836967468,2.1185001611472254
12.0,100.0,4.0,PASS,0.7897445559501648,0.348099023103714,2.2687353411930293
18.0,100.0,4.0,PASS,1.1615183353424072,0.5897256135940552,1.9695911260553667
24.0,100.0,4.0,FAIL,1.4566017389297485,0.9675614237785339,1.5054359373293407
-24.0,100.0,6.0,FAIL,-1.2772690057754517,0.9096076488494873,-1.404197741071108
-18.0,100.0,6.0,FAIL,-0.9706996083259583,0.7283725142478943,-1.332696648126937
-12.0,100.0,6.0,PASS,-0.7744070887565613,0.44912341237068176,-1.7242634594996538
-6.0,100.0,6.0,PASS,-0.45749524235725403,0.2678566873073578,-1.7079851429368702
0.0,100.0,6.0,PASS,0.12600795924663544,0.13480055332183838,0.9347733087251467
6.0,100.0,6.0,PASS,0.4316553771495819,0.1989191174507141,2.170004485649965
12.0,100.0,6.0,PASS,0.8593530654907227,0.4553285837173462,1.8873251015231283
18.0,100.0,6.0,PASS,1.3638055324554443,0.6956251263618469,1.960546680635608
24.0,100.0,6.0,PASS,1.362464189529419,1.0305280685424805,1.3221029403463118
-24.0,100.0,8.0,FAIL,-1.3159693479537964,1.0745251178741455,-1.2246985445601564
-18.0,100.0,8.0,PASS,-0.9182787537574768,0.6795570254325867,-1.3512902072830852
-12.0,100.0,8.0,PASS,-0.6226676106452942,0.4844840466976166,-1.2852179857924668
-6.0,100.0,8.0,PASS,-0.5033160448074341,0.24889449775218964,-2.022206394086533
0.0,100.0,8.0,PASS,-0.010192638263106346,0.16582991182804108,-0.06146441345078746
6.0,100.0,8.0,PASS,0.3422236740589142,0.23441557586193085,1.4599015991176352
12.0,100.0,8.0,PASS,0.9156436324119568,0.4557262659072876,2.009196530704759
18.0,100.0,8.0,PASS,1.2737550735473633,0.7470651865005493,1.7050119541963513
24.0,100.0,8.0,PASS,1.210178017616272,0.9798094034194946,1.2351157412786613
-24.0,100.0,10.0,FAIL,-1.268540859222412,1.0426832437515259,-1.2166119162500981
-18.0,100.0,10.0,PASS,-1.3198524713516235,0.818336546421051,-1.6128480111561976
-12.0,100.0,10.0,PASS,-0.3432294428348541,0.4135115444660187,-0.8300359383631667
-6.0,100.0,10.0,PASS,-0.24402713775634766,0.2883971631526947,-0.8461495775086564
0.0,100.0,10.0,PASS,-0.006214999593794346,0.18072444200515747,-0.03438936938932136
6.0,100.0,10.0,PASS,0.3167038857936859,0.2581265866756439,1.226932451524836
12.0,100.0,10.0,PASS,0.8336992859840393,0.48373842239379883,1.7234506241171526
18.0,100.0,10.0,PASS,1.1195250749588013,0.7419574856758118,1.508880355778178
24.0,100.0,10.0,PASS,1.4390677213668823,1.0524390935897827,1.3673643730378175
-24.0,100.0,12.0,FAIL,-1.4472161531448364,1.1307564973831177,-1.2798654321191996
-18.0,100.0,12.0,PASS,-1.230726718902588,0.784984827041626,-1.5678350415266373
-12.0,100.0,12.0,PASS,-0.6624125242233276,0.43570855259895325,-1.520311043407595
-6.0,100.0,12.0,PASS,-0.4553973376750946,0.2631989121437073,-1.7302401972940014
0.0,100.0,12.0,PASS,0.3149007558822632,0.23965239524841309,1.3139896038003334
6.0,100.0,12.0,PASS,0.39999061822891235,0.3143244981765747,1.2725403859683055
12.0,100.0,12.0,PASS,0.28312745690345764,0.4019533097743988,0.7043789664584834
18.0,100.0,12.0,PASS,1.453772783279419,0.958439290523529,1.5168125906913974
24.0,100.0,12.0,PASS,1.3220092058181763,1.0486669540405273,1.2606568755928254
-24.0,100.0,14.000000000000002,FAIL,-1.7966413497924805,1.284110188484192,-1.3991333188573936
-18.0,100.0,14.000000000000002,PASS,-0.9094582796096802,0.7376661896705627,-1.232885948067972
-12.0,100.0,14.000000000000002,PASS,-0.3950236141681671,0.43974196910858154,-0.8983077393520914
-6.0,100.0,14.000000000000002,PASS,-0.2055383026599884,0.29387927055358887,-0.6993970764688845
0.0,100.0,14.000000000000002,PASS,0.1565602421760559,0.24725106358528137,0.6332035134888527
6.0,100.0,14.000000000000002,PASS,0.1402803361415863,0.3100932240486145,0.45238117205551714
12.0,100.0,14.000000000000002,PASS,0.48674318194389343,0.42905163764953613,1.1344629392639254
18.0,100.0,14.000000000000002,PASS,0.47589024901390076,0.6045283675193787,0.7872091279465817
24.0,100.0,14.000000000000002,PASS,1.4108681678771973,1.0702836513519287,1.3182189283140588
-24.0,100.0,16.0,PASS,-0.9994303584098816,1.0482771396636963,-0.9534027983578031
-18.0,100.0,16.0,PASS,-0.08017537742853165,0.5436004400253296,-0.1474895373977177
-12.0,100.0,16.0,PASS,-0.4443182647228241,0.6008245944976807,-0.739514109095844
-6.0,100.0,16.0,PASS,-0.10088051855564117,0.3034881353378296,-0.33240350053007983
0.0,100.0,16.0,PASS,0.16844221949577332,0.28780055046081543,0.585274139420755
6.0,100.0,16.0,PASS,0.20026108622550964,0.3182932138442993,0.6291717118526822
12.0,100.0,16.0,PASS,0.5257706046104431,0.49919775128364563,1.0532311158423042
18.0,100.0,16.0,PASS,1.0647940635681152,0.7818655967712402,1.361863302292932
24.0,100.0,16.0,PASS,1.177228331565857,1.0719927549362183,1.0981681789779447
-24.0,110.0,0.0,FAIL,-1.5789576768875122,0.8746045827865601,-1.8053389016746595
-18.0,110.0,0.0,FAIL,-1.0879404544830322,0.6251755356788635,-1.7402159751847344
-12.0,110.0,0.0,FAIL,-0.2869488596916199,0.18797729909420013,-1.526508046845713
-6.0,110.0,0.0,FAIL,-0.8433034420013428,0.17492835223674774,-4.820850543770156
0.0,110.0,0.0,PASS,-0.4149506092071533,0.1040780171751976,-3.9869188563484514
6.0,110.0,0.0,PASS,0.6179640889167786,0.15298473834991455,4.039383899218361
12.0,110.0,0.0,PASS,0.9324225783348083,0.2906523048877716,3.2080343511978717
18.0,110.0,0.0,FAIL,1.1183966398239136,0.5543900728225708,2.0173460793224733
24.0,110.0,0.0,FAIL,1.7459015846252441,0.9570950269699097,1.8241674394157457
-24.0,110.0,2.0,FAIL,-1.5065689086914062,0.9658945798873901,-1.5597653616267846
-18.0,110.0,2.0,FAIL,-0.6025242805480957,0.5404097437858582,-1.11493970542998
-12.0,110.0,2.0,FAIL,-0.5366275906562805,0.29211461544036865,-1.8370446471748894
-6.0,110.0,2.0,PASS,-0.4440092444419861,0.15585118532180786,-2.8489308151566366
0.0,110.0,2.0,PASS,-0.5419820547103882,0.10920562595129013,-4.962949939521732
6.0,110.0,2.0,PASS,0.3464410901069641,0.1593625247478485,2.1739181821769002
12.0,110.0,2.0,PASS,0.8631570339202881,0.33470478653907776,2.578860741268521
18.0,110.0,2.0,PASS,0.6526375412940979,0.5888749957084656,1.1082785753348563
24.0,110.0,2.0,FAIL,1.302690029144287,0.9028307199478149,1.442895107977257
-24.0,110.0,4.0,FAIL,-1.244901180267334,0.8862506747245789,-1.4046829139557082
-18.0,110.0,4.0,FAIL,-1.149249792098999,0.691604495048523,-1.6617153305493881
-12.0,110.0,4.0,FAIL,-0.6196646690368652,0.4092540442943573,-1.5141320597217347
-6.0,110.0,4.0,PASS,-0.29271507263183594,0.2338712364435196,-1.2516078380700195
0.0,110.0,4.0,PASS,-0.02594875730574131,0.13449183106422424,-0.1929392818910312
6.0,110.0,4.0,PASS,0.4624957740306854,0.16803619265556335,2.7523580885857037
12.0,110.0,4.0,PASS,0.9048400521278381,0.36946162581443787,2.449077221844669
18.0,110.0,4.0,PASS,0.9992135167121887,0.6128143668174744,1.630532133085259
24.0,110.0,4.0,PASS,1.5863897800445557,0.9699332118034363,1.6355659964410505
-24.0,110.0,6.0,FAIL,-1.7577627897262573,1.1502131223678589,-1.5282061693990074
-18.0,110.0,6.0,FAIL,-0.9118419885635376,0.7016705274581909,-1.2995301254374971
-12.0,110.0,6.0,PASS,-0.6875751614570618,0.4614759087562561,-1.4899481173571458
-6.0,110.0,6.0,PASS,-0.3872293531894684,0.2234629988670349,-1.7328566928428175
0.0,110.0,6.0,PASS,0.014894005842506886,0.1621352881193161,0.09186159296516819
6.0,110.0,6.0,PASS,0.41925284266471863,0.16438919305801392,2.550367422977506
12.0,110.0,6.0,PASS,1.0002597570419312,0.43687301874160767,2.289589226460203
18.0,110.0,6.0,PASS,1.283872365951538,0.7609487175941467,1.6871995921232283
24.0,110.0,6.0,PASS,1.4101064205169678,1.0229036808013916,1.3785329420383188
-24.0,110.0,8.0,FAIL,-1.5064069032669067,1.076689600944519,-1.3991097359400713
-18.0,110.0,8.0,FAIL,-1.112109899520874,0.8200582265853882,-1.3561352882850155
-12.0,110.0,8.0,PASS,-0.7395861148834229,0.4291784167289734,-1.7232602713814293
-6.0,110.0,8.0,PASS,-0.4490814208984375,0.2929935157299042,-1.5327350155845183
0.0,110.0,8.0,PASS,-0.49346086382865906,0.21975791454315186,-2.2454748210297684
6.0,110.0,8.0,PASS,0.23365293443202972,0.20318713784217834,1.1499395922074314
12.0,110.0,8.0,PASS,0.7769206762313843,0.3691374361515045,2.1046921827579523
18.0,110.0,8.0,PASS,0.9465702176094055,0.6105062961578369,1.5504675767744818
24.0,110.0,8.0,PASS,1.7958853244781494,1.3082095384597778,1.3727810963620837
-24.0,110.0,10.0,FAIL,-0.9511557221412659,0.9050621390342712,-1.050928639171867
-18.0,110.0,10.0,FAIL,-0.6664319634437561,0.6983250379562378,-0.95432918371963
-12.0,110.0,10.0,PASS,-0.5015402436256409,0.4605337083339691,-1.089041333022109
-6.0,110.0,10.0,PASS,-0.041239842772483826,0.2816482186317444,-0.14642323311266883
0.0,110.0,10.0,PASS,0.07234197109937668,0.17836491763591766,0.4055840804246196
6.0,110.0,10.0,PASS,0.1564066857099533,0.18289367854595184,0.8551781939836499
12.0,110.0,10.0,PASS,0.8030680418014526,0.4305635690689087,1.8651555763022003
18.0,110.0,10.0,PASS,0.6864622235298157,0.5251394510269165,1.307199872695587
24.0,110.0,10.0,PASS,1.685038685798645,1.203888177871704,1.3996637866961563
-24.0,110.0,12.0,FAIL,-1.0932294130325317,0.9499080181121826,-1.1508792348181054
-18.0,110.0,12.0,PASS,-0.5884692072868347,0.6431666016578674,-0.9149561027733075
-12.0,110.0,12.0,PASS,-0.6157207489013672,0.5245584845542908,-1.1737885612974797
-6.0,110.0,12.0,PASS,-0.2579389810562134,0.2979012727737427,-0.8658539074189158
0.0,110.0,12.0,PASS,0.2470073252916336,0.21760068833827972,1.1351403673302662
6.0,110.0,12.0,PASS,0.11420474946498871,0.29326367378234863,0.3894268526068728
12.0,110.0,12.0,PASS,0.8860379457473755,0.514406144618988,1.722448215317585
18.0,110.0,12.0,PASS,1.1735551357269287,0.8173153400421143,1.435865789165854
24.0,110.0,12.0,PASS,1.3747607469558716,1.1497076749801636,1.1957480817718216
-24.0,110.0,14.000000000000002,FAIL,-0.9663715362548828,0.8994118571281433,-1.0744482948451939
-18.0,110.0,14.000000000000002,PASS,-0.5570803880691528,0.6102349758148193,-0.9128948849995174
-12.0,110.0,14.000000000000002,PASS,-0.4576205313205719,0.47984322905540466,-0.9536875871342829
-6.0,110.0,14.000000000000002,PASS,-0.11440956592559814,0.2929958701133728,-0.39048183812737064
0.0,110.0,14.000000000000002,PASS,0.2879777252674103,0.24638184905052185,1.1688268692567487
6.0,110.0,14.000000000000002,PASS,0.2027924358844757,0.3038506507873535,0.6674082657351217
12.0,110.0,14.000000000000002,PASS,0.7974925637245178,0.451994925737381,1.7643838864418548
18.0,110.0,14.000000000000002,PASS,0.8916981816291809,0.766200065612793,1.163792880800678
24.0,110.0,14.000000000000002,PASS,1.2241219282150269,1.0614570379257202,1.153246796127692
-24.0,110.0,16.0,FAIL,-1.1794695854187012,0.9048026204109192,-1.3035656162037208
-18.0,110.0,16.0,PASS,-0.650242805480957,0.6768674254417419,-0.9606649412277316
-12.0,110.0,16.0,PASS,-0.4740297794342041,0.4930662512779236,-0.9613916551895796
-6.0,110.0,16.0,PASS,0.05652092769742012,0.3103139102458954,0.18214113460989376
0.0,110.0,16.0,PASS,-0.11621437221765518,0.2974381148815155,-0.3907178212985555
6.0,110.0,16.0,PASS,0.15631820261478424,0.3129773736000061,0.4994552827149841
12.0,110.0,16.0,PASS,0.6625401377677917,0.4609443247318268,1.437353932393574
18.0,110.0,16.0,PASS,0.9149492383003235,0.8196284770965576,1.1162975224353222
24.0,110.0,16.0,PASS,0.397627055644989,0.7292160391807556,0.5452801834854136
-24.0,120.0,0.0,FAIL,-1.5941025018692017,0.7592068910598755,-2.0996944583100228
-18.0,120.0,0.0,FAIL,-1.1124529838562012,0.6045207381248474,-1.8402230290839983
-12.0,120.0,0.0,FAIL,-0.49638891220092773,0.30733615159988403,-1.6151334934627815
-6.0,120.0,0.0,FAIL,-0.5898642539978027,0.13868726789951324,-4.253196871865647
0.0,120.0,0.0,PASS,-0.03471916541457176,0.13796859979629517,-0.25164541399878776
6.0,120.0,0.0,PASS,0.5523855090141296,0.1384972333908081,3.9884226961806646
12.0,120.0,0.0,PASS,0.9717957973480225,0.32500237226486206,2.9901190892109963
18.0,120.0,0.0,PASS,0.8705127835273743,0.47050532698631287,1.8501656274609994
24.0,120.0,0.0,FAIL,2.1205127239227295,1.0492236614227295,2.0210302168055856
-24.0,120.0,2.0,FAIL,-1.6185181140899658,0.8193902373313904,-1.9752714156824642
-18.0,120.0,2.0,FAIL,-0.9542997479438782,0.5499784350395203,-1.7351584846691384
-12.0,120.0,2.0,FAIL,-0.6875558495521545,0.35826000571250916,-1.9191532367246529
-6.0,120.0,2.0,FAIL,-0.4130587577819824,0.17592400312423706,-2.347938601023542
0.0,120.0,2.0,PASS,-0.3578782379627228,0.13264070451259613,-2.6981026622090742
6.0,120.0,2.0,PASS,0.5527040362358093,0.14895221590995789,3.710613050361874
12.0,120.0,2.0,PASS,0.7218725085258484,0.2441084086894989,2.95718001850586
18.0,120.0,2.0,PASS,0.846737265586853,0.5034782290458679,1.6817753315599937
24.0,120.0,2.0,PASS,1.6192926168441772,0.8561880588531494,1.891281477358134
-24.0,120.0,4.0,FAIL,-1.4797706604003906,0.9532857537269592,-1.5522844588992228
-18.0,120.0,4.0,FAIL,-1.3025860786437988,0.6517180800437927,-1.9986956301047694
-12.0,120.0,4.0,FAIL,-0.47754815220832825,0.41732385754585266,-1.1443106919806485
-6.0,120.0,4.0,PASS,-0.5230293869972229,0.2416953295469284,-2.164002870794695
0.0,120.0,4.0,PASS,0.00539891142398119,0.14842097461223602,0.036375663467285275
6.0,120.0,4.0,PASS,0.5576409697532654,0.1767878532409668,3.154294593945802
12.0,120.0,4.0,PASS,0.9212465882301331,0.3866700828075409,2.3825132307654364
18.0,120.0,4.0,PASS,0.8507504463195801,0.63431316614151,1.3412151784498585
24.0,120.0,4.0,PASS,1.1497938632965088,0.8732231855392456,1.316723928472503
-24.0,120.0,6.0,FAIL,-0.8751691579818726,0.8027163743972778,-1.0902595062159983
-18.0,120.0,6.0,FAIL,-0.42324721813201904,0.5020175576210022,-0.8430924610241406
-12.0,120.0,6.0,FAIL,-0.5313429236412048,0.3786981701850891,-1.4030776102813236
-6.0,120.0,6.0,PASS,-0.27215948700904846,0.2974294126033783,-0.9150389150382137
0.0,120.0,6.0,PASS,0.16639946401119232,0.17022907733917236,0.9775031775543861
6.0,120.0,6.0,PASS,0.4665166735649109,0.17678803205490112,2.63884759699138
12.0,120.0,6.0,PASS,0.9077616333961487,0.31694650650024414,2.8640846792089487
18.0,120.0,6.0,PASS,0.89673912525177,0.6287810206413269,1.4261548866998857
24.0,120.0,6.0,PASS,1.3620017766952515,0.9886147379875183,1.377687105361004
-24.0,120.0,8.0,FAIL,-0.8042106628417969,0.7422443628311157,-1.0834850395822817
-18.0,120.0,8.0,FAIL,-0.8779634237289429,0.6529768705368042,-1.344555164729158
-12.0,120.0,8.0,FAIL,-0.5723307132720947,0.4599910080432892,-1.2442215244743076
-6.0,120.0,8.0,PASS,-0.2072182446718216,0.2723642885684967,-0.7608128281461849
0.0,120.0,8.0,PASS,-0.09305082261562347,0.2167655974626541,-0.4292693291962758
6.0,120.0,8.0,PASS,0.44162997603416443,0.1881558746099472,2.3471495479462265
12.0,120.0,8.0,PASS,0.8282854557037354,0.4011170566082001,2.0649469825781592
18.0,120.0,8.0,PASS,1.3611811399459839,0.6671983599662781,2.0401446130874503
24.0,120.0,8.0,PASS,1.7609115839004517,1.1875728368759155,1.482781964374318
-24.0,120.0,10.0,FAIL,-1.1391490697860718,0.8154826760292053,-1.3969016182328744
-18.0,120.0,10.0,FAIL,-1.0187740325927734,0.6598606705665588,-1.5439229492463162
-12.0,120.0,10.0,PASS,-0.32758158445358276,0.4093157649040222,-0.800315092995246
-6.0,120.0,10.0,PASS,-0.2728494703769684,0.304874062538147,-0.8949579642998605
0.0,120.0,10.0,PASS,0.28266441822052,0.19585472345352173,1.4432351348809778
6.0,120.0,10.0,PASS,0.2696259021759033,0.23919424414634705,1.1272257120490623
12.0,120.0,10.0,PASS,0.8648411631584167,0.4629127085208893,1.868259711256966
18.0,120.0,10.0,PASS,1.1078147888183594,0.6493223309516907,1.7061091787720764
24.0,120.0,10.0,PASS,2.1593594551086426,1.3715091943740845,1.5744403785015157
-24.0,120.0,12.0,FAIL,-0.8864662051200867,0.7385397553443909,-1.2002958523291893
-18.0,120.0,12.0,FAIL,-0.5952650904655457,0.6210350394248962,-0.9585048389810427
-12.0,120.0,12.0,PASS,-0.5362805128097534,0.4957934617996216,-1.0816611232894695
-6.0,120.0,12.0,PASS,-0.2341192066669464,0.3376322388648987,-0.6934148452589791
0.0,120.0,12.0,PASS,0.16930599510669708,0.22104252874851227,0.7659430792131516
6.0,120.0,12.0,PASS,0.423388808965683,0.26289576292037964,1.6104816763209306
12.0,120.0,12.0,PASS,0.7017030715942383,0.4778604209423065,1.468426847761382
18.0,120.0,12.0,PASS,1.0628689527511597,0.737385630607605,1.4414017694857395
24.0,120.0,12.0,PASS,1.678259253501892,1.2001066207885742,1.3984251269267476
-24.0,120.0,14.000000000000002,FAIL,-1.2358787059783936,0.8698931336402893,-1.4207247513341603
-18.0,120.0,14.000000000000002,FAIL,-0.7732535600662231,0.6669334769248962,-1.1594163238461932
-12.0,120.0,14.000000000000002,PASS,-0.5137596130371094,0.4198364019393921,-1.2237138339216143
-6.0,120.0,14.000000000000002,PASS,-0.19249920547008514,0.33984845876693726,-0.5664265954552941
0.0,120.0,14.000000000000002,PASS,0.13263632357120514,0.2475282996892929,0.5358430681974359
6.0,120.0,14.000000000000002,PASS,0.09274104237556458,0.269383043050766,0.34427201254121725
12.0,120.0,14.000000000000002,PASS,0.8212295174598694,0.5177186131477356,1.5862468464612152
18.0,120.0,14.000000000000002,PASS,1.082608938217163,0.8146551251411438,1.3289168689997435
24.0,120.0,14.000000000000002,PASS,1.7086448669433594,1.3218731880187988,1.2925936333607366
-24.0,120.0,16.0,FAIL,-0.7399659156799316,0.8528417944908142,-0.8676473414646914
-18.0,120.0,16.0,FAIL,-0.8969617486000061,0.7380176186561584,-1.2153663082370119
-12.0,120.0,16.0,PASS,-0.3968941271305084,0.4821235239505768,-0.8232208291317364
-6.0,120.0,16.0,PASS,-0.2966673970222473,0.34661123156547546,-0.8559082049428809
0.0,120.0,16.0,PASS,0.47080034017562866,0.27310386300086975,1.7238875166483065
6.0,120.0,16.0,PASS,0.466510146856308,0.34820863604545593,1.339743184300026
12.0,120.0,16.0,PASS,0.6460379362106323,0.4503213167190552,1.4346154894854337
18.0,120.0,16.0,PASS,0.7776589393615723,0.6621658802032471,1.1744171099889282
24.0,120.0,16.0,PASS,1.3697055578231812,1.1775201559066772,1.1632119849095266
-24.0,130.0,0.0,FAIL,0.07925061136484146,0.3914007246494293,0.2024794702049283
-18.0,130.0,0.0,FAIL,-1.2430064678192139,0.6119648814201355,-2.0311728753693727
-12.0,130.0,0.0,FAIL,-0.837083637714386,0.36747434735298157,-2.277937613180699
-6.0,130.0,0.0,FAIL,-0.6427074074745178,0.20828907191753387,-3.0856511172558276
0.0,130.0,0.0,PASS,-0.38341426849365234,0.12461019307374954,-3.0769093525658184
6.0,130.0,0.0,PASS,0.5144557952880859,0.17358684539794922,2.9636796158642777
12.0,130.0,0.0,PASS,0.4130001664161682,0.24568717181682587,1.6810001245164072
18.0,130.0,0.0,PASS,1.0430700778961182,0.5146054029464722,2.0269318431633634
24.0,130.0,0.0,PASS,2.079058885574341,1.1105401515960693,1.872115008706633
-24.0,130.0,2.0,FAIL,-1.3303405046463013,0.7409340739250183,-1.795491058467545
-18.0,130.0,2.0,FAIL,-1.2804338932037354,0.5734200477600098,-2.2329772009290267
-12.0,130.0,2.0,FAIL,-0.8671295046806335,0.33870646357536316,-2.5601209245529937
-6.0,130.0,2.0,FAIL,-0.5568239092826843,0.21446307003498077,-2.596362670700655
0.0,130.0,2.0,PASS,-0.18471822142601013,0.14561748504638672,-1.2685167675239537
6.0,130.0,2.0,PASS,0.6697218418121338,0.16076648235321045,4.165805160435917
12.0,130.0,2.0,PASS,1.089910864830017,0.36568400263786316,2.9804718198442925
18.0,130.0,2.0,PASS,1.4697582721710205,0.6640819311141968,2.213218284233483
24.0,130.0,2.0,PASS,1.7234646081924438,0.9323160648345947,1.8485840512661438
-24.0,130.0,4.0,FAIL,-1.9453288316726685,0.7812514305114746,-2.4900163451849147
-18.0,130.0,4.0,FAIL,-1.154788851737976,0.5403679013252258,-2.1370419096062383
-12.0,130.0,4.0,FAIL,-0.7802165150642395,0.3303149938583374,-2.3620378413668135
-6.0,130.0,4.0,PASS,-0.2560487687587738,0.20816142857074738,-1.2300490562388269
0.0,130.0,4.0,PASS,0.06381630152463913,0.16796176135540009,0.3799454173953707
6.0,130.0,4.0,PASS,0.26336124539375305,0.1714184433221817,1.5363647008435637
12.0,130.0,4.0,PASS,0.8673772811889648,0.31120073795318604,2.787195451057846
18.0,130.0,4.0,PASS,1.291902780532837,0.6317936778068542,2.044817518620034
24.0,130.0,4.0,PASS,1.6042166948318481,0.9178273677825928,1.7478414254605683
-24.0,130.0,6.0,FAIL,-1.2395216226577759,0.6932222247123718,-1.7880581124935395
-18.0,130.0,6.0,FAIL,-0.8051079511642456,0.576048731803894,-1.3976386140857453
-12.0,130.0,6.0,FAIL,-0.6886674165725708,0.35986655950546265,-1.913674383968753
-6.0,130.0,6.0,PASS,-0.326998770236969,0.23481525480747223,-1.392578904232943
0.0,130.0,6.0,PASS,0.021912746131420135,0.18630993366241455,0.11761448088498101
6.0,130.0,6.0,PASS,0.5646546483039856,0.19726741313934326,2.862381775671849
12.0,130.0,6.0,PASS,0.5770058035850525,0.3294142782688141,1.7516113952844348
18.0,130.0,6.0,PASS,0.8660667538642883,0.5445069074630737,1.5905523731542772
24.0,130.0,6.0,PASS,1.5005364418029785,1.0042238235473633,1.4942250986462553
-24.0,130.0,8.0,FAIL,-1.724078893661499,0.7316045761108398,-2.3565720471932874
-18.0,130.0,8.0,FAIL,-1.0040897130966187,0.5769612193107605,-1.740307111622003
-12.0,130.0,8.0,FAIL,-0.7516247034072876,0.42206478118896484,-1.780827818160866
-6.0,130.0,8.0,PASS,-0.1547505408525467,0.2758384943008423,-0.561018654212086
0.0,130.0,8.0,PASS,-0.28630539774894714,0.25062182545661926,-1.142380146770196
6.0,130.0,8.0,PASS,0.3966280221939087,0.20613400638103485,1.9241270722733115
12.0,130.0,8.0,PASS,0.8757999539375305,0.37077489495277405,2.3620799732114603
18.0,130.0,8.0,PASS,1.0062401294708252,0.6182977557182312,1.6274361667412973
24.0,130.0,8.0,PASS,1.540655255317688,1.1172157526016235,1.3790131867815278
-24.0,130.0,10.0,FAIL,-1.2296388149261475,0.7284864187240601,-1.6879364986376177
-18.0,130.0,10.0,FAIL,-1.1226098537445068,0.6642069220542908,-1.6901507895648629
-12.0,130.0,10.0,PASS,-0.23104272782802582,0.3301888108253479,-0.6997291254373698
-6.0,130.0,10.0,PASS,-0.31330159306526184,0.3122764825820923,-1.0032827015172365
0.0,130.0,10.0,PASS,0.11955846101045609,0.24203385412693024,0.4939741237511172
6.0,130.0,10.0,PASS,0.1499142348766327,0.22366535663604736,0.670261309714477
12.0,130.0,10.0,PASS,0.15174341201782227,0.29895177483558655,0.5075849176720093
18.0,130.0,10.0,PASS,1.1913514137268066,0.7066797614097595,1.6858434028875722
24.0,130.0,10.0,PASS,1.7394031286239624,1.0808507204055786,1.6092908074958479
-24.0,130.0,12.0,FAIL,-1.2882659435272217,0.686248779296875,-1.8772579017876996
-18.0,130.0,12.0,FAIL,-0.6354033946990967,0.4792593717575073,-1.3258027534630958
-12.0,130.0,12.0,FAIL,-0.42566418647766113,0.3947022557258606,-1.0784437643885803
-6.0,130.0,12.0,PASS,-0.31751352548599243,0.3222588300704956,-0.9852748655996016
0.0,130.0,12.0,PASS,0.3322916030883789,0.2410283386707306,1.3786412208662455
6.0,130.0,12.0,PASS,0.1868087649345398,0.25055670738220215,0.7455747917758972
12.0,130.0,12.0,PASS,0.6110215783119202,0.38700833916664124,1.5788331063554202
18.0,130.0,12.0,PASS,1.2251681089401245,0.7392410635948181,1.6573323226693013
24.0,130.0,12.0,PASS,1.2977412939071655,0.9875065088272095,1.3141597369807716
-24.0,130.0,14.000000000000002,FAIL,-0.9511377215385437,0.6665166616439819,-1.427027674285795
-18.0,130.0,14.000000000000002,FAIL,-0.8991127014160156,0.5191665291786194,-1.7318387278134328
-12.0,130.0,14.000000000000002,PASS,-0.2723427712917328,0.4285318851470947,-0.6355251049714782
-6.0,130.0,14.000000000000002,PASS,-0.032207414507865906,0.2904166281223297,-0.11090072464548914
0.0,130.0,14.000000000000002,PASS,0.3261483311653137,0.2407524436712265,1.3547041358828513
6.0,130.0,14.000000000000002,PASS,0.2907271087169647,0.31437474489212036,0.924778829853936
12.0,130.0,14.000000000000002,PASS,0.8620802760124207,0.4870906472206116,1.7698559414588184
18.0,130.0,14.000000000000002,PASS,0.4733421802520752,0.5747789144515991,0.8235204325539578
24.0,130.0,14.000000000000002,PASS,1.8690595626831055,1.2396953105926514,1.5076765610975642
-24.0,130.0,16.0,FAIL,-1.5379356145858765,0.7623676061630249,-2.0173150093906322
-18.0,130.0,16.0,FAIL,-0.6821072101593018,0.5977692008018494,-1.1410879136033123
-12.0,130.0,16.0,PASS,-0.29978591203689575,0.4650591015815735,-0.6446189549185974
-6.0,130.0,16.0,PASS,-0.1340482532978058,0.2892548441886902,-0.463426130939269
0.0,130.0,16.0,PASS,0.3073534071445465,0.27120575308799744,1.1332849825085396
6.0,130.0,16.0,PASS,0.25227978825569153,0.333131343126297,0.7572982652672433
12.0,130.0,16.0,PASS,0.5035155415534973,0.4650464951992035,1.082720860712681
18.0,130.0,16.0,PASS,1.2223155498504639,0.7652351260185242,1.597307165197844
24.0,130.0,16.0,PASS,0.724821150302887,0.7939518094062805,0.9129283940355402
-24.0,140.0,0.0,FAIL,-1.826983094215393,0.762357234954834,-2.396492104287084
-18.0,140.0,0.0,FAIL,-1.3333756923675537,0.43891799449920654,-3.0378697366666385
-12.0,140.0,0.0,FAIL,-0.6356685161590576,0.3508510887622833,-1.8117900628484307
-6.0,140.0,0.0,FAIL,-0.2314782291650772,0.17891502380371094,-1.2937886614767118
0.0,140.0,0.0,PASS,-0.05225791037082672,0.13617448508739471,-0.383756988963743
6.0,140.0,0.0,PASS,0.6958924531936646,0.20278479158878326,3.431679702119026
12.0,140.0,0.0,PASS,1.1169317960739136,0.3153844177722931,3.54149327973564
18.0,140.0,0.0,PASS,1.0278289318084717,0.5065665245056152,2.0290107657855674
24.0,140.0,0.0,PASS,1.567346453666687,0.9074936509132385,1.7271156135245889
-24.0,140.0,2.0,FAIL,-1.3237884044647217,0.7284990549087524,-1.8171449853569566
-18.0,140.0,2.0,FAIL,-1.2576653957366943,0.4604789912700653,-2.731211237819727
-12.0,140.0,2.0,FAIL,-0.8199533224105835,0.2982064187526703,-2.7496166106694213
-6.0,140.0,2.0,FAIL,-0.32749271392822266,0.1788751631975174,-1.8308450881277403
0.0,140.0,2.0,PASS,0.17552801966667175,0.13679520785808563,1.2831445078746355
6.0,140.0,2.0,PASS,0.5043721199035645,0.17958375811576843,2.8085620058046765
12.0,140.0,2.0,PASS,1.1079039573669434,0.3250255882740021,3.4086668783534715
18.0,140.0,2.0,PASS,1.1838918924331665,0.5812842845916748,2.03668312358521
24.0,140.0,2.0,PASS,1.4443506002426147,0.8484151363372803,1.702410221578632
-24.0,140.0,4.0,FAIL,-1.6262762546539307,0.6061751246452332,-2.682848880685621
-18.0,140.0,4.0,FAIL,-1.1527444124221802,0.46170705556869507,-2.496700881043108
-12.0,140.0,4.0,FAIL,-0.7107407450675964,0.3351207971572876,-2.1208494104112945
-6.0,140.0,4.0,FAIL,-0.28689804673194885,0.21732653677463531,-1.3201243207103524
0.0,140.0,4.0,PASS,-0.012059164233505726,0.16568072140216827,-0.07278556087544841
6.0,140.0,4.0,PASS,0.7158204913139343,0.1826217770576477,3.9196885653345346
12.0,140.0,4.0,PASS,0.9230508208274841,0.3286840319633484,2.8083226779036643
18.0,140.0,4.0,PASS,1.1091805696487427,0.5664430856704712,1.9581500731637662
24.0,140.0,4.0,PASS,1.7553339004516602,1.0154575109481812,1.728613833199797
-24.0,140.0,6.0,FAIL,-1.7322297096252441,0.7898877859115601,-2.193007336638566
-18.0,140.0,6.0,FAIL,-1.067686676979065,0.37978363037109375,-2.8113025196367945
-12.0,140.0,6.0,FAIL,-0.8116130232810974,0.3436656594276428,-2.3616355053711113
-6.0,140.0,6.0,FAIL,-0.2017575353384018,0.18773414194583893,-1.0746981515840022
0.0,140.0,6.0,PASS,0.2356090396642685,0.194509819149971,1.2112963792465878
6.0,140.0,6.0,PASS,0.17214789986610413,0.18807518482208252,0.9153142666266926
12.0,140.0,6.0,PASS,0.6501854062080383,0.3282957971096039,1.980486536630773
18.0,140.0,6.0,PASS,1.2546765804290771,0.593678891658783,2.1133926067733646
24.0,140.0,6.0,PASS,1.8574965000152588,1.0641436576843262,1.7455317114395446
-24.0,140.0,8.0,FAIL,-1.6545287370681763,0.6360206604003906,-2.6013757729609126
-18.0,140.0,8.0,FAIL,-0.8431945443153381,0.4138650596141815,-2.037365862924963
-12.0,140.0,8.0,FAIL,-0.3100997805595398,0.3272933065891266,-0.9474675293278424
-6.0,140.0,8.0,FAIL,-0.2389942705631256,0.21865840256214142,-1.0930029112199557
0.0,140.0,8.0,PASS,0.08668723702430725,0.21460731327533722,0.40393421687866304
6.0,140.0,8.0,PASS,0.4925009608268738,0.20876425504684448,2.359124940792004
12.0,140.0,8.0,PASS,0.7599915266036987,0.38369473814964294,1.9807191786594114
18.0,140.0,8.0,PASS,1.2062150239944458,0.7205808758735657,1.6739481498619322
24.0,140.0,8.0,PASS,1.9213321208953857,1.1741808652877808,1.6363170084742313
-24.0,140.0,10.0,FAIL,-1.445004940032959,0.5833762884140015,-2.4769689285134096
-18.0,140.0,10.0,FAIL,-0.5992043614387512,0.4034021496772766,-1.4853772145689288
-12.0,140.0,10.0,FAIL,-0.566512405872345,0.39091041684150696,-1.4492128668498367
-6.0,140.0,10.0,PASS,-0.20084819197654724,0.23342019319534302,-0.860457654614581
0.0,140.0,10.0,PASS,0.30597740411758423,0.2188604474067688,1.3980479695762567
6.0,140.0,10.0,PASS,0.3241328299045563,0.2467767596244812,1.313465783397867
12.0,140.0,10.0,PASS,0.8019046187400818,0.37360185384750366,2.146414988260209
18.0,140.0,10.0,PASS,1.2749351263046265,0.6586757898330688,1.9356034425187223
24.0,140.0,10.0,PASS,1.9624418020248413,1.238486886024475,1.5845479061342755
-24.0,140.0,12.0,FAIL,-1.2249435186386108,0.4758113920688629,-2.5744308334284858
-18.0,140.0,12.0,FAIL,-0.682244598865509,0.3718861937522888,-1.8345521031091252
-12.0,140.0,12.0,FAIL,-0.07837923616170883,0.34409865736961365,-0.22778129028709856
-6.0,140.0,12.0,PASS,-0.026861349120736122,0.2869285047054291,-0.0936168720786836
0.0,140.0,12.0,PASS,0.5625131130218506,0.22387070953845978,2.512669541189862
6.0,140.0,12.0,PASS,0.276088148355484,0.25656816363334656,1.0760810867790784
12.0,140.0,12.0,PASS,0.5336424708366394,0.35640305280685425,1.4973005046784396
18.0,140.0,12.0,PASS,1.0120569467544556,0.6422346234321594,1.575836788969633
24.0,140.0,12.0,PASS,1.3183587789535522,1.0817937850952148,1.2186784552820442
-24.0,140.0,14.000000000000002,FAIL,-1.0693626403808594,0.5120728611946106,-2.0883017269967246
-18.0,140.0,14.000000000000002,FAIL,-1.040861964225769,0.48469680547714233,-2.1474496065661706
-12.0,140.0,14.000000000000002,FAIL,-0.5929129123687744,0.3817345201969147,-1.5532074805886695
-6.0,140.0,14.000000000000002,PASS,-0.06644422560930252,0.3119514286518097,-0.21299542014108055
0.0,140.0,14.000000000000002,PASS,0.31790074706077576,0.2265625298023224,1.4031479403860236
6.0,140.0,14.000000000000002,PASS,0.5295660495758057,0.30064040422439575,1.761460010479967
12.0,140.0,14.000000000000002,PASS,0.4400441348552704,0.43564531207084656,1.0100972572469882
18.0,140.0,14.000000000000002,PASS,0.7301594018936157,0.6239973902702332,1.1701321404203424
24.0,140.0,14.000000000000002,PASS,1.3715226650238037,0.9504657983779907,1.4430005449584447
-24.0,140.0,16.0,FAIL,-1.3541843891143799,0.48283693194389343,-2.8046412764294066
-18.0,140.0,16.0,FAIL,-0.7399154901504517,0.408401221036911,-1.8117367236852082
-12.0,140.0,16.0,PASS,-0.022580096498131752,0.330940306186676,-0.06823011907590013
-6.0,140.0,16.0,PASS,-0.002721882425248623,0.30288949608802795,-0.008986387644349243
0.0,140.0,16.0,PASS,0.44023385643959045,0.25197353959083557,1.747143200649002
6.0,140.0,16.0,PASS,0.39983946084976196,0.30357635021209717,1.3170968705909056
12.0,140.0,16.0,PASS,0.6655051112174988,0.4980100393295288,1.3363287055688047
18.0,140.0,16.0,PASS,1.2014788389205933,0.7999576330184937,1.501928088850197
24.0,140.0,16.0,PASS,0.5087478160858154,0.6678273677825928,0.7617953989741781
-24.0,150.0,0.0,FAIL,-1.537485957145691,0.5413743853569031,-2.839968049341857
-18.0,150.0,0.0,FAIL,-0.9468158483505249,0.37106481194496155,-2.5516185255824313
-12.0,150.0,0.0,FAIL,-0.9514883756637573,0.25404664874076843,-3.7453293730895263
-6.0,150.0,0.0,FAIL,-0.22694523632526398,0.16348055005073547,-1.3882094001692098
0.0,150.0,0.0,FAIL,-0.24646440148353577,0.1414405107498169,-1.7425304827941936
6.0,150.0,0.0,PASS,0.5210952162742615,0.19439609348773956,2.6805848148750306
12.0,150.0,0.0,PASS,0.8199489712715149,0.2814130187034607,2.91368528381957
18.0,150.0,0.0,PASS,1.2368940114974976,0.5962153077125549,2.074576072598633
24.0,150.0,0.0,PASS,1.665834665298462,0.8614179491996765,1.9338285983547827
-24.0,150.0,2.0,FAIL,-1.4310497045516968,0.5284504890441895,-2.7080109380540875
-18.0,150.0,2.0,FAIL,-1.1433712244033813,0.3649805188179016,-3.1326911039157115
-12.0,150.0,2.0,FAIL,-0.7617743611335754,0.2589957118034363,-2.9412624472783584
-6.0,150.0,2.0,FAIL,-0.37284064292907715,0.19423145055770874,-1.9195688538520246
0.0,150.0,2.0,FAIL,-0.28952184319496155,0.15479464828968048,-1.8703608063578177
6.0,150.0,2.0,PASS,0.4493085443973541,0.20240150392055511,2.2198873807465027
12.0,150.0,2.0,PASS,0.9153865575790405,0.26952308416366577,3.39631968971971
18.0,150.0,2.0,PASS,1.5367809534072876,0.6173533797264099,2.489305159531704
24.0,150.0,2.0,PASS,1.1389617919921875,0.824005126953125,1.3822265842005852
-24.0,150.0,4.0,FAIL,-1.906378984451294,0.6986474394798279,-2.7286709672487635
-18.0,150.0,4.0,FAIL,-1.0567805767059326,0.35365501046180725,-2.988167975694661
-12.0,150.0,4.0,FAIL,-0.7484182119369507,0.27044299244880676,-2.7673788296756174
-6.0,150.0,4.0,FAIL,-0.1752258539199829,0.1878231316804886,-0.9329301047863727
0.0,150.0,4.0,PASS,0.19651643931865692,0.16092588007450104,1.2211611906529836
6.0,150.0,4.0,PASS,-0.014012371189892292,0.18435922265052795,-0.07600580534261742
12.0,150.0,4.0,PASS,0.8068567514419556,0.3313308358192444,2.4351996983526507
18.0,150.0,4.0,PASS,1.3470524549484253,0.6233401298522949,2.161023156438876
24.0,150.0,4.0,PASS,1.6988095045089722,0.8948249816894531,1.8984824287108917
-24.0,150.0,6.0,FAIL,-1.84932279586792,0.6519922614097595,-2.836418321697948
-18.0,150.0,6.0,FAIL,-1.0688142776489258,0.2897469997406006,-3.688784624537249
-12.0,150.0,6.0,FAIL,-0.5772625207901001,0.21612374484539032,-2.6709814842559743
-6.0,150.0,6.0,FAIL,-0.3111942708492279,0.18242506682872772,-1.705874506497492
0.0,150.0,6.0,PASS,0.2838663160800934,0.17634110152721405,1.6097569631903732
6.0,150.0,6.0,PASS,0.2609570622444153,0.2139165699481964,1.2199011152226802
12.0,150.0,6.0,PASS,0.9026957154273987,0.3332698345184326,2.708603125547722
18.0,150.0,6.0,PASS,1.1648398637771606,0.613556444644928,1.8985048139316125
24.0,150.0,6.0,PASS,1.761562705039978,0.9803816676139832,1.796813183305645
-24.0,150.0,8.0,FAIL,-1.6104626655578613,0.5205329060554504,-3.0938729268084058
-18.0,150.0,8.0,FAIL,-1.045206904411316,0.3013855218887329,-3.468006352332979
-12.0,150.0,8.0,FAIL,-0.7354706525802612,0.24428662657737732,-3.0106873343199667
-6.0,150.0,8.0,FAIL,-0.11375308781862259,0.1946498155593872,-0.5843986416926081
0.0,150.0,8.0,PASS,-0.09622123092412949,0.21205341815948486,-0.4537593959073168
6.0,150.0,8.0,PASS,0.3809143602848053,0.22212418913841248,1.7148711347571683
12.0,150.0,8.0,PASS,0.527390718460083,0.29677915573120117,1.7770477079520752
18.0,150.0,8.0,PASS,1.398268222808838,0.6839342713356018,2.044448248043294
24.0,150.0,8.0,PASS,1.8603808879852295,1.110315203666687,1.6755430186324907
-24.0,150.0,10.0,FAIL,-1.6136561632156372,0.5488544702529907,-2.9400437651019464
-18.0,150.0,10.0,FAIL,-1.0654590129852295,0.2790061831474304,-3.818764878132566
-12.0,150.0,10.0,FAIL,-0.19309797883033752,0.1958209127187729,-0.9860947748091344
-6.0,150.0,10.0,FAIL,-0.28994959592819214,0.21263732016086578,-1.3635875193914104
0.0,150.0,10.0,PASS,0.2105017602443695,0.21791516244411469,0.965980328690316
6.0,150.0,10.0,PASS,0.1771364063024521,0.2307940423488617,0.767508573876867
12.0,150.0,10.0,PASS,0.9156795144081116,0.3760010302066803,2.4353111849315434
18.0,150.0,10.0,PASS,1.3038907051086426,0.6125848293304443,2.128506359737632
24.0,150.0,10.0,PASS,1.6162232160568237,0.9046543836593628,1.7865642893578173
-24.0,150.0,12.0,FAIL,-1.3953144550323486,0.5731449127197266,-2.434488074597412
-18.0,150.0,12.0,FAIL,-1.0211982727050781,0.24957704544067383,-4.091715529775449
-12.0,150.0,12.0,FAIL,-0.5322158932685852,0.23186995089054108,-2.2953206796504153
-6.0,150.0,12.0,PASS,0.37364140152931213,0.1768156737089157,2.1131690064107236
0.0,150.0,12.0,PASS,-0.07419022172689438,0.23295098543167114,-0.3184799651712817
6.0,150.0,12.0,PASS,0.24096988141536713,0.2535773813724518,0.9502814490438842
12.0,150.0,12.0,PASS,0.736034095287323,0.36986052989959717,1.9900314734506215
18.0,150.0,12.0,PASS,1.1718239784240723,0.6202453970909119,1.8892908902189134
24.0,150.0,12.0,PASS,1.605421543121338,1.0442149639129639,1.5374435328003506
-24.0,150.0,14.000000000000002,FAIL,-1.388021469116211,0.2627083361148834,-5.283507518806801
-18.0,150.0,14.000000000000002,FAIL,-0.9902515411376953,0.2546270787715912,-3.8890268305908786
-12.0,150.0,14.000000000000002,FAIL,-0.46920841932296753,0.24644672870635986,-1.9038938832173633
-6.0,150.0,14.000000000000002,PASS,-0.08258886635303497,0.21182014048099518,-0.38990091388616077
0.0,150.0,14.000000000000002,PASS,0.6003381013870239,0.23622113466262817,2.5414241712301857
6.0,150.0,14.000000000000002,PASS,0.16083772480487823,0.26668766140937805,0.6030939862567725
12.0,150.0,14.000000000000002,PASS,0.6440498232841492,0.40225809812545776,1.6010860347758133
18.0,150.0,14.000000000000002,PASS,0.9388821721076965,0.6327454447746277,1.4838228862194482
24.0,150.0,14.000000000000002,PASS,1.367060661315918,0.9230180978775024,1.4810767681148396
-24.0,150.0,16.0,FAIL,-1.3628451824188232,0.24687564373016357,-5.520371154589962
-18.0,150.0,16.0,FAIL,-0.952388346195221,0.23803569376468658,-4.001031656776304
-12.0,150.0,16.0,FAIL,-0.4968578517436981,0.23964041471481323,-2.0733474874636206
-6.0,150.0,16.0,PASS,-0.01599285937845707,0.2452998161315918,-0.0651971926871631
0.0,150.0,16.0,PASS,0.6264752745628357,0.23169711232185364,2.703854477446358
6.0,150.0,16.0,PASS,0.5613553524017334,0.30265241861343384,1.8547856150415594
12.0,150.0,16.0,PASS,-0.00840235035866499,0.29010459780693054,-0.02896317542770175
18.0,150.0,16.0,PASS,0.9577714800834656,0.636410117149353,1.5049595445992812
24.0,150.0,16.0,PASS,1.4587516784667969,1.0526256561279297,1.3858218921176562
